dataset_id,actual_rul_band,engines,mae,mean_signed_error
FD001,0–25,19,8.597947368421051,6.872999999999999
FD001,26–50,14,10.779214285714286,4.991785714285714
FD001,51–100,34,23.673411764705882,13.392823529411764
FD001,101–150,33,30.355333333333334,9.712969696969695
FD002,0–25,58,6.540224137931034,3.5069827586206896
FD002,26–50,30,10.584733333333332,5.858066666666667
FD002,51–100,79,24.15140506329114,13.824012658227847
FD002,101–150,56,25.372285714285713,8.951714285714285
FD002,>150,36,34.029916666666665,-26.41813888888889
FD003,0–25,16,4.702125,3.006
FD003,26–50,13,12.27346153846154,10.774076923076924
FD003,51–100,39,21.87571794871795,17.231871794871797
FD003,101–150,32,40.66609375,29.76353125
FD004,0–25,50,9.62998,8.04606
FD004,26–50,30,16.8846,13.407333333333334
FD004,51–100,68,31.359279411764707,20.319985294117647
FD004,101–150,58,38.90841379310345,23.397137931034482
FD004,>150,42,35.65878571428571,5.119261904761905
