dataset_id,split,column,dtype,missing_values,unique_values
FD001,train,unit_id,int64,0,100
FD001,train,cycle,int64,0,362
FD001,train,op_setting_1,float64,0,158
FD001,train,op_setting_2,float64,0,13
FD001,train,op_setting_3,float64,0,1
FD001,train,sensor_1,float64,0,1
FD001,train,sensor_2,float64,0,310
FD001,train,sensor_3,float64,0,3012
FD001,train,sensor_4,float64,0,4051
FD001,train,sensor_5,float64,0,1
FD001,train,sensor_6,float64,0,2
FD001,train,sensor_7,float64,0,513
FD001,train,sensor_8,float64,0,53
FD001,train,sensor_9,float64,0,6403
FD001,train,sensor_10,float64,0,1
FD001,train,sensor_11,float64,0,159
FD001,train,sensor_12,float64,0,427
FD001,train,sensor_13,float64,0,56
FD001,train,sensor_14,float64,0,6078
FD001,train,sensor_15,float64,0,1918
FD001,train,sensor_16,float64,0,1
FD001,train,sensor_17,float64,0,13
FD001,train,sensor_18,float64,0,1
FD001,train,sensor_19,float64,0,1
FD001,train,sensor_20,float64,0,120
FD001,train,sensor_21,float64,0,4745
FD001,test,unit_id,int64,0,100
FD001,test,cycle,int64,0,303
FD001,test,op_setting_1,float64,0,150
FD001,test,op_setting_2,float64,0,14
FD001,test,op_setting_3,float64,0,1
FD001,test,sensor_1,float64,0,1
FD001,test,sensor_2,float64,0,262
FD001,test,sensor_3,float64,0,2361
FD001,test,sensor_4,float64,0,2954
FD001,test,sensor_5,float64,0,1
FD001,test,sensor_6,float64,0,2
FD001,test,sensor_7,float64,0,415
FD001,test,sensor_8,float64,0,41
FD001,test,sensor_9,float64,0,4047
FD001,test,sensor_10,float64,0,1
FD001,test,sensor_11,float64,0,136
FD001,test,sensor_12,float64,0,357
FD001,test,sensor_13,float64,0,43
FD001,test,sensor_14,float64,0,3786
FD001,test,sensor_15,float64,0,1506
FD001,test,sensor_16,float64,0,1
FD001,test,sensor_17,float64,0,9
FD001,test,sensor_18,float64,0,1
FD001,test,sensor_19,float64,0,1
FD001,test,sensor_20,float64,0,103
FD001,test,sensor_21,float64,0,3555
FD002,train,unit_id,int64,0,260
FD002,train,cycle,int64,0,378
FD002,train,op_setting_1,float64,0,536
FD002,train,op_setting_2,float64,0,105
FD002,train,op_setting_3,float64,0,2
FD002,train,sensor_1,float64,0,6
FD002,train,sensor_2,float64,0,1590
FD002,train,sensor_3,float64,0,12305
FD002,train,sensor_4,float64,0,15411
FD002,train,sensor_5,float64,0,6
FD002,train,sensor_6,float64,0,14
FD002,train,sensor_7,float64,0,2067
FD002,train,sensor_8,float64,0,897
FD002,train,sensor_9,float64,0,22434
FD002,train,sensor_10,float64,0,9
FD002,train,sensor_11,float64,0,681
FD002,train,sensor_12,float64,0,1672
FD002,train,sensor_13,float64,0,514
FD002,train,sensor_14,float64,0,14905
FD002,train,sensor_15,float64,0,8464
FD002,train,sensor_16,float64,0,2
FD002,train,sensor_17,float64,0,53
FD002,train,sensor_18,float64,0,6
FD002,train,sensor_19,float64,0,2
FD002,train,sensor_20,float64,0,510
FD002,train,sensor_21,float64,0,17837
FD002,test,unit_id,int64,0,259
FD002,test,cycle,int64,0,367
FD002,test,op_setting_1,float64,0,536
FD002,test,op_setting_2,float64,0,105
FD002,test,op_setting_3,float64,0,2
FD002,test,sensor_1,float64,0,6
FD002,test,sensor_2,float64,0,1385
FD002,test,sensor_3,float64,0,10306
FD002,test,sensor_4,float64,0,11633
FD002,test,sensor_5,float64,0,6
FD002,test,sensor_6,float64,0,12
FD002,test,sensor_7,float64,0,1772
FD002,test,sensor_8,float64,0,599
FD002,test,sensor_9,float64,0,16522
FD002,test,sensor_10,float64,0,9
FD002,test,sensor_11,float64,0,606
FD002,test,sensor_12,float64,0,1445
FD002,test,sensor_13,float64,0,325
FD002,test,sensor_14,float64,0,11702
FD002,test,sensor_15,float64,0,6851
FD002,test,sensor_16,float64,0,2
FD002,test,sensor_17,float64,0,46
FD002,test,sensor_18,float64,0,6
FD002,test,sensor_19,float64,0,2
FD002,test,sensor_20,float64,0,459
FD002,test,sensor_21,float64,0,14342
FD003,train,unit_id,int64,0,100
FD003,train,cycle,int64,0,525
FD003,train,op_setting_1,float64,0,160
FD003,train,op_setting_2,float64,0,14
FD003,train,op_setting_3,float64,0,1
FD003,train,sensor_1,float64,0,1
FD003,train,sensor_2,float64,0,334
FD003,train,sensor_3,float64,0,3358
FD003,train,sensor_4,float64,0,4383
FD003,train,sensor_5,float64,0,1
FD003,train,sensor_6,float64,0,17
FD003,train,sensor_7,float64,0,1854
FD003,train,sensor_8,float64,0,161
FD003,train,sensor_9,float64,0,7114
FD003,train,sensor_10,float64,0,4
FD003,train,sensor_11,float64,0,170
FD003,train,sensor_12,float64,0,1772
FD003,train,sensor_13,float64,0,163
FD003,train,sensor_14,float64,0,6320
FD003,train,sensor_15,float64,0,3122
FD003,train,sensor_16,float64,0,1
FD003,train,sensor_17,float64,0,12
FD003,train,sensor_18,float64,0,1
FD003,train,sensor_19,float64,0,1
FD003,train,sensor_20,float64,0,165
FD003,train,sensor_21,float64,0,6440
FD003,test,unit_id,int64,0,100
FD003,test,cycle,int64,0,475
FD003,test,op_setting_1,float64,0,150
FD003,test,op_setting_2,float64,0,13
FD003,test,op_setting_3,float64,0,1
FD003,test,sensor_1,float64,0,1
FD003,test,sensor_2,float64,0,274
FD003,test,sensor_3,float64,0,2687
FD003,test,sensor_4,float64,0,3250
FD003,test,sensor_5,float64,0,1
FD003,test,sensor_6,float64,0,7
FD003,test,sensor_7,float64,0,1339
FD003,test,sensor_8,float64,0,153
FD003,test,sensor_9,float64,0,4750
FD003,test,sensor_10,float64,0,3
FD003,test,sensor_11,float64,0,147
FD003,test,sensor_12,float64,0,1277
FD003,test,sensor_13,float64,0,155
FD003,test,sensor_14,float64,0,4233
FD003,test,sensor_15,float64,0,2128
FD003,test,sensor_16,float64,0,1
FD003,test,sensor_17,float64,0,12
FD003,test,sensor_18,float64,0,1
FD003,test,sensor_19,float64,0,1
FD003,test,sensor_20,float64,0,133
FD003,test,sensor_21,float64,0,4439
FD004,train,unit_id,int64,0,249
FD004,train,cycle,int64,0,543
FD004,train,op_setting_1,float64,0,536
FD004,train,op_setting_2,float64,0,105
FD004,train,op_setting_3,float64,0,2
FD004,train,sensor_1,float64,0,6
FD004,train,sensor_2,float64,0,1704
FD004,train,sensor_3,float64,0,13558
FD004,train,sensor_4,float64,0,17353
FD004,train,sensor_5,float64,0,6
FD004,train,sensor_6,float64,0,46
FD004,train,sensor_7,float64,0,5926
FD004,train,sensor_8,float64,0,1038
FD004,train,sensor_9,float64,0,25297
FD004,train,sensor_10,float64,0,21
FD004,train,sensor_11,float64,0,737
FD004,train,sensor_12,float64,0,5627
FD004,train,sensor_13,float64,0,483
FD004,train,sensor_14,float64,0,15938
FD004,train,sensor_15,float64,0,11915
FD004,train,sensor_16,float64,0,2
FD004,train,sensor_17,float64,0,54
FD004,train,sensor_18,float64,0,6
FD004,train,sensor_19,float64,0,2
FD004,train,sensor_20,float64,0,652
FD004,train,sensor_21,float64,0,21574
FD004,test,unit_id,int64,0,248
FD004,test,cycle,int64,0,486
FD004,test,op_setting_1,float64,0,536
FD004,test,op_setting_2,float64,0,105
FD004,test,op_setting_3,float64,0,2
FD004,test,sensor_1,float64,0,6
FD004,test,sensor_2,float64,0,1480
FD004,test,sensor_3,float64,0,11326
FD004,test,sensor_4,float64,0,13257
FD004,test,sensor_5,float64,0,6
FD004,test,sensor_6,float64,0,61
FD004,test,sensor_7,float64,0,4173
FD004,test,sensor_8,float64,0,709
FD004,test,sensor_9,float64,0,18503
FD004,test,sensor_10,float64,0,18
FD004,test,sensor_11,float64,0,657
FD004,test,sensor_12,float64,0,3963
FD004,test,sensor_13,float64,0,307
FD004,test,sensor_14,float64,0,12152
FD004,test,sensor_15,float64,0,8724
FD004,test,sensor_16,float64,0,2
FD004,test,sensor_17,float64,0,49
FD004,test,sensor_18,float64,0,6
FD004,test,sensor_19,float64,0,2
FD004,test,sensor_20,float64,0,536
FD004,test,sensor_21,float64,0,16453
