dataset_id,feature,train_mean,train_population_std,scale_used,zero_variance_guard_applied
FD002,op_setting_1,23.99840744,14.74723892,14.74723892,False
FD002,op_setting_2,0.57205635,0.31001310,0.31001310,False
FD002,op_setting_3,94.04602020,14.23760220,14.23760220,False
FD002,sensor_1,472.91020704,26.38946187,26.38946187,False
FD002,sensor_2,579.67239941,37.28905220,37.28905220,False
FD002,sensor_3,1419.97101323,105.94535523,105.94535523,False
FD002,sensor_4,1205.44202441,119.12231964,119.12231964,False
FD002,sensor_5,8.03198609,3.61380521,3.61380521,False
FD002,sensor_6,11.60074592,5.43175108,5.43175108,False
FD002,sensor_7,282.60678677,146.00394817,146.00394817,False
FD002,sensor_8,2228.87918767,145.20846550,145.20846550,False
FD002,sensor_9,8525.20083707,335.80888935,335.80888935,False
FD002,sensor_10,1.09496159,0.12746766,0.12746766,False
FD002,sensor_11,42.98517234,3.23234200,3.23234200,False
FD002,sensor_12,266.06903439,137.65822660,137.65822660,False
FD002,sensor_13,2334.55725255,128.06707990,128.06707990,False
FD002,sensor_14,8066.59768243,84.83716063,84.83716063,False
FD002,sensor_15,9.32965354,0.74932852,0.74932852,False
FD002,sensor_16,0.02332595,0.00471143,0.00471143,False
FD002,sensor_17,348.30951097,27.75425728,27.75425728,False
FD002,sensor_18,2228.80635801,145.32662847,145.32662847,False
FD002,sensor_19,97.75683811,5.36401663,5.36401663,False
FD002,sensor_20,20.78929593,9.86923941,9.86923941,False
FD002,sensor_21,12.47342276,5.92156013,5.92156013,False
FD002,sensor_2_delta_1,-0.00702896,52.83726377,52.83726377,False
FD002,sensor_2_rolling_mean_5,579.66417032,16.87583392,16.87583392,False
FD002,sensor_3_delta_1,0.08304582,149.99360646,149.99360646,False
FD002,sensor_3_rolling_mean_5,1419.81329443,48.13480807,48.13480807,False
FD002,sensor_4_delta_1,0.12508027,168.52861186,168.52861186,False
FD002,sensor_4_rolling_mean_5,1205.21061758,54.22331909,54.22331909,False
FD002,sensor_7_delta_1,-0.10558809,206.79736929,206.79736929,False
FD002,sensor_7_rolling_mean_5,282.69009482,66.02168050,66.02168050,False
FD002,sensor_11_delta_1,0.00638795,4.56521246,4.56521246,False
FD002,sensor_11_rolling_mean_5,42.97590700,1.48110420,1.48110420,False
FD002,sensor_12_delta_1,-0.09858833,194.97686905,194.97686905,False
FD002,sensor_12_rolling_mean_5,266.14638533,62.24953274,62.24953274,False
FD002,sensor_15_delta_1,-0.00040788,1.05853714,1.05853714,False
FD002,sensor_15_rolling_mean_5,9.32924717,0.34312900,0.34312900,False
FD002,sensor_21_delta_1,-0.00538274,8.38647528,8.38647528,False
FD002,sensor_21_rolling_mean_5,12.47814271,2.67724501,2.67724501,False
