dataset_id,unit_id,cycle,feature,original_value,processed_value,decision
FD001,1,1,op_setting_1,-0.00070000,-0.31597968,retained
FD001,1,1,op_setting_2,-0.00040000,-1.37295320,retained
FD001,1,1,op_setting_3,100.00000000,0.00000000,retained
FD001,1,1,sensor_1,518.67000000,,flagged_and_removed_from_subset_model_ready
FD001,1,1,sensor_2,641.82000000,-1.72172539,retained
FD001,1,1,sensor_3,1589.70000000,-0.13425518,retained
FD001,1,1,sensor_4,1400.60000000,-0.92593596,retained
FD001,1,1,sensor_5,14.62000000,,flagged_and_removed_from_subset_model_ready
FD001,1,1,sensor_6,21.61000000,,flagged_and_removed_from_subset_model_ready
FD001,1,1,sensor_7,554.36000000,1.12114057,retained
FD001,1,1,sensor_8,2388.06000000,-0.51633841,retained
FD001,1,1,sensor_9,9046.19000000,-0.86281332,retained
FD001,1,1,sensor_10,1.30000000,,flagged_and_removed_from_subset_model_ready
FD001,1,1,sensor_11,47.47000000,-0.26646660,retained
FD001,1,1,sensor_12,521.66000000,0.33426184,retained
FD001,1,1,sensor_13,2388.02000000,-1.05889024,retained
FD001,1,1,sensor_14,8138.62000000,-0.26907104,retained
FD001,1,1,sensor_15,8.41950000,-0.60381570,retained
FD001,1,1,sensor_16,0.03000000,,flagged_and_removed_from_subset_model_ready
FD001,1,1,sensor_17,392.00000000,-0.78170979,retained
FD001,1,1,sensor_18,2388.00000000,,flagged_and_removed_from_subset_model_ready
FD001,1,1,sensor_19,100.00000000,,flagged_and_removed_from_subset_model_ready
FD001,1,1,sensor_20,39.06000000,1.34849274,retained
FD001,1,1,sensor_21,23.41900000,1.19442705,retained
FD001,1,2,op_setting_1,0.00190000,0.87272193,retained
FD001,1,2,op_setting_2,-0.00030000,-1.03172035,retained
FD001,1,2,op_setting_3,100.00000000,0.00000000,retained
FD001,1,2,sensor_1,518.67000000,,flagged_and_removed_from_subset_model_ready
FD001,1,2,sensor_2,642.15000000,-1.06177971,retained
FD001,1,2,sensor_3,1591.82000000,0.21152849,retained
FD001,1,2,sensor_4,1403.14000000,-0.64372587,retained
FD001,1,2,sensor_5,14.62000000,,flagged_and_removed_from_subset_model_ready
FD001,1,2,sensor_6,21.61000000,,flagged_and_removed_from_subset_model_ready
FD001,1,2,sensor_7,553.75000000,0.43193018,retained
FD001,1,2,sensor_8,2388.04000000,-0.79809300,retained
FD001,1,2,sensor_9,9044.07000000,-0.95881761,retained
FD001,1,2,sensor_10,1.30000000,,flagged_and_removed_from_subset_model_ready
FD001,1,2,sensor_11,47.49000000,-0.19158293,retained
FD001,1,2,sensor_12,522.28000000,1.17489932,retained
FD001,1,2,sensor_13,2388.07000000,-0.36364600,retained
FD001,1,2,sensor_14,8131.49000000,-0.64284474,retained
FD001,1,2,sensor_15,8.43180000,-0.27585181,retained
FD001,1,2,sensor_16,0.03000000,,flagged_and_removed_from_subset_model_ready
FD001,1,2,sensor_17,392.00000000,-0.78170979,retained
FD001,1,2,sensor_18,2388.00000000,,flagged_and_removed_from_subset_model_ready
FD001,1,2,sensor_19,100.00000000,,flagged_and_removed_from_subset_model_ready
FD001,1,2,sensor_20,39.00000000,1.01652793,retained
FD001,1,2,sensor_21,23.42360000,1.23692196,retained
FD001,1,3,op_setting_1,-0.00430000,-1.96187421,retained
FD001,1,3,op_setting_2,0.00030000,1.01567674,retained
FD001,1,3,op_setting_3,100.00000000,0.00000000,retained
FD001,1,3,sensor_1,518.67000000,,flagged_and_removed_from_subset_model_ready
FD001,1,3,sensor_2,642.35000000,-0.66181262,retained
FD001,1,3,sensor_3,1587.99000000,-0.41316559,retained
FD001,1,3,sensor_4,1404.20000000,-0.52595315,retained
FD001,1,3,sensor_5,14.62000000,,flagged_and_removed_from_subset_model_ready
FD001,1,3,sensor_6,21.61000000,,flagged_and_removed_from_subset_model_ready
FD001,1,3,sensor_7,554.26000000,1.00815526,retained
FD001,1,3,sensor_8,2388.08000000,-0.23458381,retained
FD001,1,3,sensor_9,9052.94000000,-0.55713925,retained
FD001,1,3,sensor_10,1.30000000,,flagged_and_removed_from_subset_model_ready
FD001,1,3,sensor_11,47.27000000,-1.01530330,retained
FD001,1,3,sensor_12,522.42000000,1.36472069,retained
FD001,1,3,sensor_13,2388.03000000,-0.91984139,retained
FD001,1,3,sensor_14,8133.23000000,-0.55162928,retained
FD001,1,3,sensor_15,8.41780000,-0.64914404,retained
FD001,1,3,sensor_16,0.03000000,,flagged_and_removed_from_subset_model_ready
FD001,1,3,sensor_17,390.00000000,-2.07309423,retained
FD001,1,3,sensor_18,2388.00000000,,flagged_and_removed_from_subset_model_ready
FD001,1,3,sensor_19,100.00000000,,flagged_and_removed_from_subset_model_ready
FD001,1,3,sensor_20,38.95000000,0.73989059,retained
FD001,1,3,sensor_21,23.34420000,0.50342281,retained
FD002,1,1,op_setting_1,34.99830000,0.74589505,retained
FD002,1,1,op_setting_2,0.84000000,0.86429782,retained
FD002,1,1,op_setting_3,100.00000000,0.41818698,retained
FD002,1,1,sensor_1,449.44000000,-0.88937801,retained
FD002,1,1,sensor_2,555.32000000,-0.65307102,retained
FD002,1,1,sensor_3,1358.61000000,-0.57917606,retained
FD002,1,1,sensor_4,1137.23000000,-0.57262169,retained
FD002,1,1,sensor_5,5.48000000,-0.70617699,retained
FD002,1,1,sensor_6,8.00000000,-0.66290702,retained
FD002,1,1,sensor_7,194.64000000,-0.60249595,retained
FD002,1,1,sensor_8,2222.65000000,-0.04289824,retained
FD002,1,1,sensor_9,8341.91000000,-0.54581890,retained
FD002,1,1,sensor_10,1.02000000,-0.58808318,retained
FD002,1,1,sensor_11,42.02000000,-0.29859846,retained
FD002,1,1,sensor_12,183.06000000,-0.60300816,retained
FD002,1,1,sensor_13,2387.72000000,0.41511642,retained
FD002,1,1,sensor_14,8048.56000000,-0.21261535,retained
FD002,1,1,sensor_15,9.34610000,0.02194826,retained
FD002,1,1,sensor_16,0.02000000,-0.70593318,retained
FD002,1,1,sensor_17,334.00000000,-0.51557895,retained
FD002,1,1,sensor_18,2223.00000000,-0.03995385,retained
FD002,1,1,sensor_19,100.00000000,0.41818698,retained
FD002,1,1,sensor_20,14.73000000,-0.61395774,retained
FD002,1,1,sensor_21,8.80710000,-0.61914811,retained
FD002,1,2,op_setting_1,41.99820000,1.22055340,retained
FD002,1,2,op_setting_2,0.84080000,0.86687836,retained
FD002,1,2,op_setting_3,100.00000000,0.41818698,retained
FD002,1,2,sensor_1,445.00000000,-1.05762699,retained
FD002,1,2,sensor_2,549.90000000,-0.79842199,retained
FD002,1,2,sensor_3,1353.22000000,-0.63005134,retained
FD002,1,2,sensor_4,1125.78000000,-0.66874138,retained
FD002,1,2,sensor_5,3.91000000,-1.14062210,retained
FD002,1,2,sensor_6,5.71000000,-1.08450219,retained
FD002,1,2,sensor_7,138.51000000,-0.98693760,retained
FD002,1,2,sensor_8,2211.57000000,-0.11920233,retained
FD002,1,2,sensor_9,8303.96000000,-0.65882960,retained
FD002,1,2,sensor_10,1.02000000,-0.58808318,retained
FD002,1,2,sensor_11,42.20000000,-0.24291128,retained
FD002,1,2,sensor_12,130.42000000,-0.98540449,retained
FD002,1,2,sensor_13,2387.66000000,0.41464791,retained
FD002,1,2,sensor_14,8072.30000000,0.06721486,retained
FD002,1,2,sensor_15,9.37740000,0.06371899,retained
FD002,1,2,sensor_16,0.02000000,-0.70593318,retained
FD002,1,2,sensor_17,330.00000000,-0.65970099,retained
FD002,1,2,sensor_18,2212.00000000,-0.11564541,retained
FD002,1,2,sensor_19,100.00000000,0.41818698,retained
FD002,1,2,sensor_20,10.41000000,-1.05168144,retained
FD002,1,2,sensor_21,6.26650000,-1.04819045,retained
FD002,1,3,op_setting_1,24.99880000,0.06783592,retained
FD002,1,3,op_setting_2,0.62180000,0.16045660,retained
FD002,1,3,op_setting_3,60.00000000,-2.39127486,retained
FD002,1,3,sensor_1,462.54000000,-0.39296773,retained
FD002,1,3,sensor_2,537.31000000,-1.13605460,retained
FD002,1,3,sensor_3,1256.76000000,-1.54052070,retained
FD002,1,3,sensor_4,1047.45000000,-1.32630077,retained
FD002,1,3,sensor_5,7.05000000,-0.27173188,retained
FD002,1,3,sensor_6,9.02000000,-0.47512227,retained
FD002,1,3,sensor_7,175.71000000,-0.73214997,retained
FD002,1,3,sensor_8,1915.11000000,-2.16081884,retained
FD002,1,3,sensor_9,8001.42000000,-1.55975870,retained
FD002,1,3,sensor_10,0.94000000,-1.21569334,retained
FD002,1,3,sensor_11,36.69000000,-1.94755764,retained
FD002,1,3,sensor_12,164.22000000,-0.73986885,retained
FD002,1,3,sensor_13,2028.03000000,-2.39348982,retained
FD002,1,3,sensor_14,7864.87000000,-2.37782218,retained
FD002,1,3,sensor_15,10.89410000,2.08779782,retained
FD002,1,3,sensor_16,0.02000000,-0.70593318,retained
FD002,1,3,sensor_17,309.00000000,-1.41634166,retained
FD002,1,3,sensor_18,1915.00000000,-2.15931768,retained
FD002,1,3,sensor_19,84.93000000,-2.39127486,retained
FD002,1,3,sensor_20,14.08000000,-0.67981895,retained
FD002,1,3,sensor_21,8.67230000,-0.64191238,retained
FD003,1,1,op_setting_1,-0.00050000,-0.21712243,retained
FD003,1,1,op_setting_2,0.00040000,1.34313474,retained
FD003,1,1,op_setting_3,100.00000000,0.00000000,retained
FD003,1,1,sensor_1,518.67000000,,flagged_and_removed_from_subset_model_ready
FD003,1,1,sensor_2,642.36000000,-0.18710165,retained
FD003,1,1,sensor_3,1583.23000000,-0.71203753,retained
FD003,1,1,sensor_4,1396.84000000,-0.78084800,retained
FD003,1,1,sensor_5,14.62000000,,flagged_and_removed_from_subset_model_ready
FD003,1,1,sensor_6,21.61000000,0.78158903,retained
FD003,1,1,sensor_7,553.97000000,-0.34149389,retained
FD003,1,1,sensor_8,2387.96000000,-0.70478516,retained
FD003,1,1,sensor_9,9062.17000000,-0.09713812,retained
FD003,1,1,sensor_10,1.30000000,-0.35347902,retained
FD003,1,1,sensor_11,47.30000000,-0.38560153,retained
FD003,1,1,sensor_12,522.31000000,-0.22759327,retained
FD003,1,1,sensor_13,2388.01000000,-0.38985700,retained
FD003,1,1,sensor_14,8145.32000000,0.06768652,retained
FD003,1,1,sensor_15,8.42460000,0.46974107,retained
FD003,1,1,sensor_16,0.03000000,,flagged_and_removed_from_subset_model_ready
FD003,1,1,sensor_17,391.00000000,-0.88936355,retained
FD003,1,1,sensor_18,2388.00000000,,flagged_and_removed_from_subset_model_ready
FD003,1,1,sensor_19,100.00000000,,flagged_and_removed_from_subset_model_ready
FD003,1,1,sensor_20,39.11000000,0.48801891,retained
FD003,1,1,sensor_21,23.35370000,-0.26351159,retained
FD003,1,2,op_setting_1,0.00080000,0.37553765,retained
FD003,1,2,op_setting_2,-0.00030000,-1.03751852,retained
FD003,1,2,op_setting_3,100.00000000,0.00000000,retained
FD003,1,2,sensor_1,518.67000000,,flagged_and_removed_from_subset_model_ready
FD003,1,2,sensor_2,642.50000000,0.08057425,retained
FD003,1,2,sensor_3,1584.69000000,-0.49765575,retained
FD003,1,2,sensor_4,1396.89000000,-0.77573185,retained
FD003,1,2,sensor_5,14.62000000,,flagged_and_removed_from_subset_model_ready
FD003,1,2,sensor_6,21.61000000,0.78158903,retained
FD003,1,2,sensor_7,554.55000000,-0.17275549,retained
FD003,1,2,sensor_8,2388.00000000,-0.45207121,retained
FD003,1,2,sensor_9,9061.78000000,-0.11665775,retained
FD003,1,2,sensor_10,1.30000000,-0.35347902,retained
FD003,1,2,sensor_11,47.23000000,-0.61888191,retained
FD003,1,2,sensor_12,522.42000000,-0.19380168,retained
FD003,1,2,sensor_13,2388.03000000,-0.26336877,retained
FD003,1,2,sensor_14,8152.85000000,0.52394553,retained
FD003,1,2,sensor_15,8.44030000,0.72920064,retained
FD003,1,2,sensor_16,0.03000000,,flagged_and_removed_from_subset_model_ready
FD003,1,2,sensor_17,392.00000000,-0.32164071,retained
FD003,1,2,sensor_18,2388.00000000,,flagged_and_removed_from_subset_model_ready
FD003,1,2,sensor_19,100.00000000,,flagged_and_removed_from_subset_model_ready
FD003,1,2,sensor_20,38.99000000,0.00581942,retained
FD003,1,2,sensor_21,23.44910000,0.37576676,retained
FD003,1,3,op_setting_1,-0.00140000,-0.62742556,retained
FD003,1,3,op_setting_2,-0.00020000,-0.69742520,retained
FD003,1,3,op_setting_3,100.00000000,0.00000000,retained
FD003,1,3,sensor_1,518.67000000,,flagged_and_removed_from_subset_model_ready
FD003,1,3,sensor_2,642.18000000,-0.53125638,retained
FD003,1,3,sensor_3,1582.35000000,-0.84125394,retained
FD003,1,3,sensor_4,1405.61000000,0.11652408,retained
FD003,1,3,sensor_5,14.62000000,,flagged_and_removed_from_subset_model_ready
FD003,1,3,sensor_6,21.61000000,0.78158903,retained
FD003,1,3,sensor_7,554.43000000,-0.20766688,retained
FD003,1,3,sensor_8,2388.03000000,-0.26253575,retained
FD003,1,3,sensor_9,9070.23000000,0.30626750,retained
FD003,1,3,sensor_10,1.30000000,-0.35347902,retained
FD003,1,3,sensor_11,47.22000000,-0.65220768,retained
FD003,1,3,sensor_12,522.03000000,-0.31360822,retained
FD003,1,3,sensor_13,2388.00000000,-0.45310112,retained
FD003,1,3,sensor_14,8150.17000000,0.36155852,retained
FD003,1,3,sensor_15,8.39010000,-0.10040895,retained
FD003,1,3,sensor_16,0.03000000,,flagged_and_removed_from_subset_model_ready
FD003,1,3,sensor_17,391.00000000,-0.88936355,retained
FD003,1,3,sensor_18,2388.00000000,,flagged_and_removed_from_subset_model_ready
FD003,1,3,sensor_19,100.00000000,,flagged_and_removed_from_subset_model_ready
FD003,1,3,sensor_20,38.85000000,-0.55674664,retained
FD003,1,3,sensor_21,23.36690000,-0.17505798,retained
FD004,1,1,op_setting_1,42.00490000,1.21815592,retained
FD004,1,1,op_setting_2,0.84000000,0.86466793,retained
FD004,1,1,op_setting_3,100.00000000,0.41878277,retained
FD004,1,1,sensor_1,445.00000000,-1.05469004,retained
FD004,1,1,sensor_2,549.68000000,-0.79641645,retained
FD004,1,1,sensor_3,1343.43000000,-0.70141182,retained
FD004,1,1,sensor_4,1112.93000000,-0.74572934,retained
FD004,1,1,sensor_5,3.91000000,-1.13767733,retained
FD004,1,1,sensor_6,5.70000000,-1.08183088,retained
FD004,1,1,sensor_7,137.36000000,-0.99380186,retained
FD004,1,1,sensor_8,2211.86000000,-0.11576453,retained
FD004,1,1,sensor_9,8311.32000000,-0.63323716,retained
FD004,1,1,sensor_10,1.01000000,-0.67704692,retained
FD004,1,1,sensor_11,41.69000000,-0.36520486,retained
FD004,1,1,sensor_12,129.78000000,-0.98900682,retained
FD004,1,1,sensor_13,2387.99000000,0.41781390,retained
FD004,1,1,sensor_14,8074.83000000,0.08192133,retained
FD004,1,1,sensor_15,9.33350000,0.06383059,retained
FD004,1,1,sensor_16,0.02000000,-0.69427795,retained
FD004,1,1,sensor_17,330.00000000,-0.63866487,retained
FD004,1,1,sensor_18,2212.00000000,-0.11420317,retained
FD004,1,1,sensor_19,100.00000000,0.41878277,retained
FD004,1,1,sensor_20,10.62000000,-1.03099926,retained
FD004,1,1,sensor_21,6.36700000,-1.03175551,retained
FD004,1,2,op_setting_1,20.00200000,-0.27047773,retained
FD004,1,2,op_setting_2,0.70020000,0.41471752,retained
FD004,1,2,op_setting_3,100.00000000,0.41878277,retained
FD004,1,2,sensor_1,491.19000000,0.69250787,retained
FD004,1,2,sensor_2,606.07000000,0.71366559,retained
FD004,1,2,sensor_3,1477.61000000,0.56244926,retained
FD004,1,2,sensor_4,1237.50000000,0.29821210,retained
FD004,1,2,sensor_5,9.35000000,0.36390601,retained
FD004,1,2,sensor_6,13.61000000,0.37115232,retained
FD004,1,2,sensor_7,332.10000000,0.33205130,retained
FD004,1,2,sensor_8,2323.66000000,0.65342889,retained
FD004,1,2,sensor_9,8713.60000000,0.56073848,retained
FD004,1,2,sensor_10,1.07000000,-0.20712022,retained
FD004,1,2,sensor_11,43.94000000,0.32849769,retained
FD004,1,2,sensor_12,312.59000000,0.33113088,retained
FD004,1,2,sensor_13,2387.73000000,0.41578577,retained
FD004,1,2,sensor_14,8046.13000000,-0.25308570,retained
FD004,1,2,sensor_15,9.19130000,-0.12567654,retained
FD004,1,2,sensor_16,0.02000000,-0.69427795,retained
FD004,1,2,sensor_17,361.00000000,0.47611998,retained
FD004,1,2,sensor_18,2324.00000000,0.65570813,retained
FD004,1,2,sensor_19,100.00000000,0.41878277,retained
FD004,1,2,sensor_20,24.37000000,0.35281355,retained
FD004,1,2,sensor_21,14.65520000,0.35826437,retained
FD004,1,3,op_setting_1,42.00380000,1.21808150,retained
FD004,1,3,op_setting_2,0.84090000,0.86756460,retained
FD004,1,3,op_setting_3,100.00000000,0.41878277,retained
FD004,1,3,sensor_1,445.00000000,-1.05469004,retained
FD004,1,3,sensor_2,548.95000000,-0.81596531,retained
FD004,1,3,sensor_3,1343.12000000,-0.70433176,retained
FD004,1,3,sensor_4,1117.05000000,-0.71120226,retained
FD004,1,3,sensor_5,3.91000000,-1.13767733,retained
FD004,1,3,sensor_6,5.69000000,-1.08366777,retained
FD004,1,3,sensor_7,138.18000000,-0.98821903,retained
FD004,1,3,sensor_8,2211.92000000,-0.11535173,retained
FD004,1,3,sensor_9,8306.69000000,-0.64697910,retained
FD004,1,3,sensor_10,1.01000000,-0.67704692,retained
FD004,1,3,sensor_11,41.66000000,-0.37445423,retained
FD004,1,3,sensor_12,129.62000000,-0.99016224,retained
FD004,1,3,sensor_13,2387.97000000,0.41765789,retained
FD004,1,3,sensor_14,8066.62000000,-0.01391169,retained
FD004,1,3,sensor_15,9.40070000,0.15338670,retained
FD004,1,3,sensor_16,0.02000000,-0.69427795,retained
FD004,1,3,sensor_17,329.00000000,-0.67462567,retained
FD004,1,3,sensor_18,2212.00000000,-0.11420317,retained
FD004,1,3,sensor_19,100.00000000,0.41878277,retained
FD004,1,3,sensor_20,10.48000000,-1.04508899,retained
FD004,1,3,sensor_21,6.42130000,-1.02264881,retained
