dataset_id,sensor,unique_values,standard_deviation
FD001,sensor_1,1,0.0
FD001,sensor_2,310,0.50004115093577
FD001,sensor_3,3012,6.131000927188836
FD001,sensor_4,4051,9.000386644877734
FD001,sensor_5,1,5.329070518200751e-15
FD001,sensor_6,2,0.0013889512497306162
FD001,sensor_7,513,0.8850708068616238
FD001,sensor_8,53,0.07098375851045081
FD001,sensor_9,6403,22.082344331737623
FD001,sensor_10,1,0.0
FD001,sensor_11,159,0.26708092559826174
FD001,sensor_12,427,0.7375355171108342
FD001,sensor_13,56,0.07191717269564056
FD001,sensor_14,6078,19.075713652092396
FD001,sensor_15,1918,0.037504128992332054
FD001,sensor_16,1,3.469446951953614e-18
FD001,sensor_17,13,1.548725489308388
FD001,sensor_18,1,0.0
FD001,sensor_19,1,0.0
FD001,sensor_20,120,0.18074204736330857
FD001,sensor_21,4745,0.10824825121269074
FD002,sensor_1,6,26.38946186506605
FD002,sensor_2,1590,37.28905219879132
FD002,sensor_3,12305,105.94535522701266
FD002,sensor_4,15411,119.12231964077968
FD002,sensor_5,6,3.6138052069173416
FD002,sensor_6,14,5.4317510773027475
FD002,sensor_7,2067,146.00394817223008
FD002,sensor_8,897,145.20846549922325
FD002,sensor_9,22434,335.8088893519361
FD002,sensor_10,9,0.127467662192542
FD002,sensor_11,681,3.2323419951031696
FD002,sensor_12,1672,137.65822660477062
FD002,sensor_13,514,128.06707990438957
FD002,sensor_14,14905,84.83716063120792
FD002,sensor_15,8464,0.7493285228043285
FD002,sensor_16,2,0.004711429975435694
FD002,sensor_17,53,27.754257283445124
FD002,sensor_18,6,145.32662847443294
FD002,sensor_19,2,5.364016630174518
FD002,sensor_20,510,9.869239407910475
FD002,sensor_21,17837,5.921560132524922
FD003,sensor_1,1,0.0
FD003,sensor_2,334,0.5230205587925425
FD003,sensor_3,3358,6.8102803022020355
FD003,sensor_4,4383,9.772980647833148
FD003,sensor_5,1,3.552713678800501e-15
FD003,sensor_6,17,0.018115633620855255
FD003,sensor_7,1854,3.437273348028146
FD003,sensor_8,161,0.1582817267636306
FD003,sensor_9,7114,19.979890172859548
FD003,sensor_10,4,0.0034847785530230666
FD003,sensor_11,170,0.30006809190067574
FD003,sensor_12,1772,3.2552481330476994
FD003,sensor_13,163,0.15811747162301326
FD003,sensor_14,6320,16.503783858164187
FD003,sensor_15,3122,0.060510389725701434
FD003,sensor_16,1,6.938893903907228e-18
FD003,sensor_17,12,1.761422878529947
FD003,sensor_18,1,0.0
FD003,sensor_19,1,0.0
FD003,sensor_20,165,0.24885966088135686
FD003,sensor_21,6440,0.14923076950222147
FD004,sensor_1,6,26.436615827590977
FD004,sensor_2,1704,37.34234185761146
FD004,sensor_3,13558,106.16673104571483
FD004,sensor_4,17353,119.32661656515359
FD004,sensor_5,6,3.622842542306508
FD004,sensor_6,46,5.443972101297473
FD004,sensor_7,5926,146.8790104766301
FD004,sensor_8,1038,145.3470563468967
FD004,sensor_9,25297,336.9247960583581
FD004,sensor_10,21,0.12767948628128212
FD004,sensor_11,737,3.243465056966693
FD004,sensor_12,5627,138.4779786982911
FD004,sensor_13,483,128.19681271472686
FD004,sensor_14,15938,85.66984408337356
FD004,sensor_15,11915,0.7503675608549614
FD004,sensor_16,2,0.00468466737010582
FD004,sensor_17,54,27.808056442473582
FD004,sensor_18,6,145.47130363669334
FD004,sensor_19,2,5.369379805984035
FD004,sensor_20,652,9.936315027844465
FD004,sensor_21,21574,5.962648574875258
